{"commit":"a2e30aef259be5c485eab715facbe2ce37d36013","pagesAndArtboards":{"2C4595F6-0F89-4EE4-A9B1-F4F4FAA77315":{"name":"Page 1","artboards":{"045473D5-82AB-4FFE-A1B8-B97B459CB54F":{"name":"Artboard"}}}},"version":119,"fonts":["ProductSans-Bold","PingFangSC-Medium","ProductSans-Regular"],"compatibilityVersion":99,"app":"com.bohemiancoding.sketch3","autosaved":0,"variant":"NONAPPSTORE","created":{"commit":"a2e30aef259be5c485eab715facbe2ce37d36013","appVersion":"55.2","build":78181,"app":"com.bohemiancoding.sketch3","compatibilityVersion":99,"version":119,"variant":"NONAPPSTORE"},"saveHistory":["NONAPPSTORE.78181"],"appVersion":"55.2","build":78181}