{"_class":"page","do_objectID":"2C4595F6-0F89-4EE4-A9B1-F4F4FAA77315","booleanOperation":-1,"exportOptions":{"_class":"exportOptions","exportFormats":[],"includedLayerIds":[],"layerOptions":0,"shouldTrim":false},"frame":{"_class":"rect","constrainProportions":false,"height":0,"width":0,"x":0,"y":0},"isFixedToViewport":false,"isFlippedHorizontal":false,"isFlippedVertical":false,"isLocked":false,"isVisible":true,"layerListExpandedType":0,"name":"Page 1","nameIsFixed":false,"resizingConstraint":63,"resizingType":0,"rotation":0,"shouldBreakMaskChain":false,"clippingMaskMode":0,"hasClippingMask":false,"style":{"_class":"style","endMarkerType":0,"miterLimit":10,"startMarkerType":0,"windingRule":1},"groupLayout":{"_class":"MSImmutableFreeformGroupLayout"},"hasClickThrough":true,"layers":[{"_class":"artboard","do_objectID":"045473D5-82AB-4FFE-A1B8-B97B459CB54F","booleanOperation":-1,"exportOptions":{"_class":"exportOptions","do_objectID":"D305D24E-45D7-4015-8789-28EF88A9EB43","exportFormats":[],"includedLayerIds":[],"layerOptions":0,"shouldTrim":false},"frame":{"_class":"rect","do_objectID":"70EA9C36-BE76-4024-94E9-01575FCC800E","constrainProportions":false,"height":800,"width":800,"x":203,"y":174},"isFixedToViewport":false,"isFlippedHorizontal":false,"isFlippedVertical":false,"isLocked":false,"isVisible":true,"layerListExpandedType":2,"name":"Artboard","nameIsFixed":true,"resizingConstraint":63,"resizingType":0,"rotation":0,"shouldBreakMaskChain":true,"clippingMaskMode":0,"hasClippingMask":false,"style":{"_class":"style","do_objectID":"DD36CFDD-3623-43CD-8127-6A0BF2D61BBB","endMarkerType":0,"miterLimit":10,"startMarkerType":0,"windingRule":1},"groupLayout":{"_class":"MSImmutableFreeformGroupLayout","do_objectID":"CB0D398B-A1D8-430A-813B-E0BD92AD295E"},"hasClickThrough":true,"layers":[{"_class":"rectangle","do_objectID":"78DFF0D6-AA6D-4834-AEFF-E6859287BBCC","booleanOperation":-1,"exportOptions":{"_class":"exportOptions","do_objectID":"78ABCAF7-964E-495A-8330-1530E95C599E","exportFormats":[],"includedLayerIds":[],"layerOptions":0,"shouldTrim":false},"frame":{"_class":"rect","do_objectID":"754E4F25-ADCC-41FF-B482-9FBA679729AB","constrainProportions":false,"height":475,"width":385,"x":208,"y":163},"isFixedToViewport":false,"isFlippedHorizontal":false,"isFlippedVertical":false,"isLocked":false,"isVisible":true,"layerListExpandedType":0,"name":"Rectangle","nameIsFixed":false,"resizingConstraint":63,"resizingType":0,"rotation":0,"shouldBreakMaskChain":false,"clippingMaskMode":0,"hasClippingMask":false,"style":{"_class":"style","do_objectID":"D9C517E2-7478-4E78-9941-51D6986C022F","borders":[{"_class":"border","isEnabled":false,"color":{"_class":"color","alpha":1,"blue":0.592,"green":0.592,"red":0.592},"fillType":0,"position":1,"thickness":1}],"endMarkerType":0,"fills":[{"_class":"fill","isEnabled":true,"color":{"_class":"color","alpha":1,"blue":0.4684661233374471,"green":0.2156862745098039,"red":0.8705882352941177},"fillType":0,"noiseIndex":0,"noiseIntensity":0,"patternFillType":1,"patternTileScale":1}],"miterLimit":10,"shadows":[{"_class":"shadow","isEnabled":false,"blurRadius":74,"color":{"_class":"color","alpha":0.1885653409090909,"blue":0,"green":0,"red":0},"contextSettings":{"_class":"graphicsContextSettings","blendMode":0,"opacity":1},"offsetX":0,"offsetY":-24,"spread":0}],"startMarkerType":0,"windingRule":1},"edited":false,"isClosed":true,"pointRadiusBehaviour":1,"points":[{"_class":"curvePoint","cornerRadius":37,"curveFrom":"{0, 0}","curveMode":1,"curveTo":"{0, 0}","hasCurveFrom":false,"hasCurveTo":false,"point":"{0, 0}"},{"_class":"curvePoint","cornerRadius":37,"curveFrom":"{1, 0}","curveMode":1,"curveTo":"{1, 0}","hasCurveFrom":false,"hasCurveTo":false,"point":"{1, 0}"},{"_class":"curvePoint","cornerRadius":37,"curveFrom":"{1, 1}","curveMode":1,"curveTo":"{1, 1}","hasCurveFrom":false,"hasCurveTo":false,"point":"{1, 1}"},{"_class":"curvePoint","cornerRadius":37,"curveFrom":"{0, 1}","curveMode":1,"curveTo":"{0, 1}","hasCurveFrom":false,"hasCurveTo":false,"point":"{0, 1}"}],"fixedRadius":37,"hasConvertedToNewRoundCorners":true},{"_class":"text","do_objectID":"1A2C19B1-6D08-4B8A-993C-5BC05ED9FE9C","booleanOperation":-1,"exportOptions":{"_class":"exportOptions","do_objectID":"74F8610F-A78A-4FD0-8983-C2F0F0429D98","exportFormats":[],"includedLayerIds":[],"layerOptions":0,"shouldTrim":false},"frame":{"_class":"rect","do_objectID":"496F02D5-F4B0-4509-BB58-DF9DBAD1B94B","constrainProportions":false,"height":44,"width":144,"x":395,"y":261},"isFixedToViewport":false,"isFlippedHorizontal":false,"isFlippedVertical":false,"isLocked":false,"isVisible":true,"layerListExpandedType":0,"name":"Bedtime","nameIsFixed":false,"resizingConstraint":47,"resizingType":0,"rotation":0,"shouldBreakMaskChain":false,"userInfo":{"com.animaapp.stc-sketch-plugin":{"kModelPropertiesKey":{"isAutoWidth":1}}},"clippingMaskMode":0,"hasClippingMask":false,"style":{"_class":"style","do_objectID":"CBC5BC23-0A42-44DC-95C7-5440B8AAE7FD","endMarkerType":0,"fills":[{"_class":"fill","isEnabled":true,"color":{"_class":"color","alpha":1,"blue":0.847,"green":0.847,"red":0.847},"fillType":1,"gradient":{"_class":"gradient","elipseLength":0,"from":"{1.4943597092994159, 0.53744492120510345}","gradientType":0,"stops":[{"_class":"gradientStop","color":{"_class":"color","alpha":1,"blue":1,"green":1,"red":1},"position":0},{"_class":"gradientStop","color":{"_class":"color","alpha":1,"blue":0.8509803921568627,"green":0.1843137254901961,"red":0.196078431372549},"position":1}],"to":"{0.036324427949548793, 0.22955056744008961}"},"noiseIndex":0,"noiseIntensity":0,"patternFillType":1,"patternTileScale":1}],"miterLimit":10,"startMarkerType":0,"textStyle":{"_class":"textStyle","do_objectID":"372103DD-BE8D-4D86-AD08-3D2399D45B78","encodedAttributes":{"MSAttributedStringFontAttribute":{"_class":"fontDescriptor","attributes":{"name":"ProductSans-Bold","size":36}},"MSAttributedStringColorAttribute":{"_class":"color","alpha":1,"blue":0.7725490196078432,"green":0.1450980392156863,"red":0.1529411764705884},"textStyleVerticalAlignmentKey":0,"paragraphStyle":{"_class":"paragraphStyle","alignment":0},"kerning":0.5142858},"verticalAlignment":0},"windingRule":1},"attributedString":{"_class":"attributedString","string":"Bedtime","attributes":[{"_class":"stringAttribute","location":0,"length":7,"attributes":{"MSAttributedStringFontAttribute":{"_class":"fontDescriptor","attributes":{"name":"ProductSans-Bold","size":36}},"MSAttributedStringColorAttribute":{"_class":"color","alpha":1,"blue":0.7725490196078432,"green":0.1450980392156863,"red":0.1529411764705884},"textStyleVerticalAlignmentKey":0,"paragraphStyle":{"_class":"paragraphStyle","alignment":0},"kerning":0.5142858}}]},"automaticallyDrawOnUnderlyingPath":false,"dontSynchroniseWithSymbol":false,"glyphBounds":"{{2, 8}, {141, 28}}","lineSpacingBehaviour":2,"textBehaviour":0},{"_class":"rectangle","do_objectID":"0BD806B4-B4C4-4432-9F5C-58FDA6F42FE5","booleanOperation":-1,"exportOptions":{"_class":"exportOptions","do_objectID":"B8A89133-2B5D-47AD-9D40-862B3770FF85","exportFormats":[],"includedLayerIds":[],"layerOptions":0,"shouldTrim":false},"frame":{"_class":"rect","do_objectID":"00143767-AFA7-4FC1-AB2E-17F9057FCF9E","constrainProportions":false,"height":178,"width":178,"x":236,"y":199},"isFixedToViewport":false,"isFlippedHorizontal":false,"isFlippedVertical":false,"isLocked":false,"isVisible":true,"layerListExpandedType":0,"name":"Rectangle","nameIsFixed":false,"resizingConstraint":63,"resizingType":0,"rotation":0,"shouldBreakMaskChain":false,"clippingMaskMode":0,"hasClippingMask":false,"style":{"_class":"style","do_objectID":"7AA9E437-3C0F-4C1C-BBAC-0FA42A15BDE5","borders":[{"_class":"border","isEnabled":false,"color":{"_class":"color","alpha":1,"blue":0.592,"green":0.592,"red":0.592},"fillType":0,"position":1,"thickness":1}],"endMarkerType":0,"fills":[{"_class":"fill","isEnabled":true,"color":{"_class":"color","alpha":1,"blue":0.8352941176470589,"green":0.1568627450980393,"red":0.1686274509803925},"fillType":1,"gradient":{"_class":"gradient","elipseLength":0,"from":"{0.93643886140246491, 1.0394498041323397}","gradientType":0,"stops":[{"_class":"gradientStop","color":{"_class":"color","alpha":1,"blue":0.8352941176470589,"green":0.1568627450980393,"red":0.1686274509803925},"position":0},{"_class":"gradientStop","color":{"_class":"color","alpha":1,"blue":0.9268929503916449,"green":0.3174603174603176,"red":0.3364632237871679},"position":1}],"to":"{0, -0.062714800123618381}"},"noiseIndex":0,"noiseIntensity":0,"patternFillType":1,"patternTileScale":1}],"miterLimit":10,"shadows":[{"_class":"shadow","isEnabled":true,"blurRadius":137,"color":{"_class":"color","alpha":0.1960500437062937,"blue":0,"green":0,"red":0},"contextSettings":{"_class":"graphicsContextSettings","blendMode":0,"opacity":1},"offsetX":0,"offsetY":66,"spread":0}],"startMarkerType":0,"windingRule":1},"edited":false,"isClosed":true,"pointRadiusBehaviour":1,"points":[{"_class":"curvePoint","cornerRadius":15,"curveFrom":"{0, 0}","curveMode":1,"curveTo":"{0, 0}","hasCurveFrom":false,"hasCurveTo":false,"point":"{0, 0}"},{"_class":"curvePoint","cornerRadius":15,"curveFrom":"{1, 0}","curveMode":1,"curveTo":"{1, 0}","hasCurveFrom":false,"hasCurveTo":false,"point":"{1, 0}"},{"_class":"curvePoint","cornerRadius":15,"curveFrom":"{1, 1}","curveMode":1,"curveTo":"{1, 1}","hasCurveFrom":false,"hasCurveTo":false,"point":"{1, 1}"},{"_class":"curvePoint","cornerRadius":15,"curveFrom":"{0, 1}","curveMode":1,"curveTo":"{0, 1}","hasCurveFrom":false,"hasCurveTo":false,"point":"{0, 1}"}],"fixedRadius":15,"hasConvertedToNewRoundCorners":true},{"_class":"oval","do_objectID":"DD3BB83C-5231-42CE-A25B-926600DC5E1E","booleanOperation":-1,"exportOptions":{"_class":"exportOptions","do_objectID":"F8835B61-1541-45BA-8BEE-A9607AFE2E3C","exportFormats":[],"includedLayerIds":[],"layerOptions":0,"shouldTrim":false},"frame":{"_class":"rect","do_objectID":"CAD9D85D-1C7D-4B26-A1E1-33397A2E3F09","constrainProportions":true,"height":37,"width":37,"x":346.5,"y":325},"isFixedToViewport":false,"isFlippedHorizontal":false,"isFlippedVertical":false,"isLocked":false,"isVisible":true,"layerListExpandedType":0,"name":"Oval","nameIsFixed":false,"resizingConstraint":63,"resizingType":0,"rotation":0,"shouldBreakMaskChain":false,"userInfo":{"com.animaapp.stc-sketch-plugin":{"kModelPropertiesKey":{"constraints":{"scaleFactor":1,"model_version":0,"aspectRatio":{"model_version":0,"enabled":1,"multiplier":29,"modelID":"constraint_921ecad9-b5a7-4bd1-a188-00bff1697525","model_class":"ADModelConstraint","constant":29},"modelID":"viewConstraints_55bd68a7-4a29-4711-83cd-e3f3306b1219","model_class":"ADModelViewConstraints","automatic":1}}}},"clippingMaskMode":0,"hasClippingMask":false,"style":{"_class":"style","do_objectID":"6D4EFEAD-0646-422F-9A84-FC8A79B33FC5","borders":[{"_class":"border","isEnabled":false,"color":{"_class":"color","alpha":1,"blue":0.592,"green":0.592,"red":0.592},"fillType":0,"position":0,"thickness":1}],"endMarkerType":0,"fills":[{"_class":"fill","isEnabled":true,"color":{"_class":"color","alpha":1,"blue":1,"green":0.898039215686274,"red":0},"fillType":0,"noiseIndex":0,"noiseIntensity":0,"patternFillType":1,"patternTileScale":1}],"miterLimit":10,"startMarkerType":0,"windingRule":1},"edited":false,"isClosed":true,"pointRadiusBehaviour":1,"points":[{"_class":"curvePoint","cornerRadius":0,"curveFrom":"{0.77614237490000004, 1}","curveMode":2,"curveTo":"{0.22385762510000001, 1}","hasCurveFrom":true,"hasCurveTo":true,"point":"{0.5, 1}"},{"_class":"curvePoint","cornerRadius":0,"curveFrom":"{1, 0.22385762510000001}","curveMode":2,"curveTo":"{1, 0.77614237490000004}","hasCurveFrom":true,"hasCurveTo":true,"point":"{1, 0.5}"},{"_class":"curvePoint","cornerRadius":0,"curveFrom":"{0.22385762510000001, 0}","curveMode":2,"curveTo":"{0.77614237490000004, 0}","hasCurveFrom":true,"hasCurveTo":true,"point":"{0.5, 0}"},{"_class":"curvePoint","cornerRadius":0,"curveFrom":"{0, 0.77614237490000004}","curveMode":2,"curveTo":"{0, 0.22385762510000001}","hasCurveFrom":true,"hasCurveTo":true,"point":"{0, 0.5}"}]},{"_class":"shapeGroup","do_objectID":"C5A3B702-8DF8-437D-9833-2A30C92650A4","booleanOperation":-1,"exportOptions":{"_class":"exportOptions","do_objectID":"C4AC7304-A37B-4948-99D0-2FB85BB6B6B2","exportFormats":[],"includedLayerIds":[],"layerOptions":0,"shouldTrim":false},"frame":{"_class":"rect","do_objectID":"8C876BDC-B913-4330-81D3-E54F62170C7F","constrainProportions":false,"height":16,"width":14,"x":359.5,"y":336},"isFixedToViewport":false,"isFlippedHorizontal":false,"isFlippedVertical":false,"isLocked":false,"isVisible":true,"layerListExpandedType":0,"name":"Shape","nameIsFixed":false,"resizingConstraint":63,"resizingType":0,"rotation":0,"shouldBreakMaskChain":false,"clippingMaskMode":0,"hasClippingMask":false,"style":{"_class":"style","do_objectID":"AB9B19FE-38FE-4604-A8D0-F481C883473B","endMarkerType":0,"fills":[{"_class":"fill","isEnabled":true,"color":{"_class":"color","alpha":1,"blue":0.8352941176470589,"green":0.1568627450980393,"red":0.1686274509803925},"fillType":0,"noiseIndex":0,"noiseIntensity":0,"patternFillType":1,"patternTileScale":1}],"miterLimit":10,"startMarkerType":0,"windingRule":0},"groupLayout":{"_class":"MSImmutableFreeformGroupLayout","do_objectID":"85350492-8FD5-4A62-B3E2-42A933FCA586"},"hasClickThrough":false,"layers":[{"_class":"shapePath","do_objectID":"3D4CDC93-B5CA-4321-8154-5E4EA102AF02","booleanOperation":-1,"exportOptions":{"_class":"exportOptions","do_objectID":"99ED5DC9-18A8-453A-AB46-4EA32EE96676","exportFormats":[],"includedLayerIds":[],"layerOptions":0,"shouldTrim":false},"frame":{"_class":"rect","do_objectID":"C2BEE671-76F9-468D-91BE-50F44DBF50E6","constrainProportions":false,"height":9.107281240000002,"width":7.968871100000001,"x":2,"y":3.44635936},"isFixedToViewport":false,"isFlippedHorizontal":false,"isFlippedVertical":false,"isLocked":false,"isVisible":true,"layerListExpandedType":0,"name":"Path","nameIsFixed":false,"resizingConstraint":63,"resizingType":0,"rotation":0,"shouldBreakMaskChain":false,"clippingMaskMode":0,"hasClippingMask":false,"style":{"_class":"style","do_objectID":"08EDBED1-BEF7-419E-9D8E-7F5E3CCF5447","endMarkerType":0,"miterLimit":10,"startMarkerType":0,"windingRule":1},"edited":true,"isClosed":true,"pointRadiusBehaviour":1,"points":[{"_class":"curvePoint","cornerRadius":0,"curveFrom":"{0, 0}","curveMode":1,"curveTo":"{0, 0}","hasCurveFrom":false,"hasCurveTo":false,"point":"{0, 0}"},{"_class":"curvePoint","cornerRadius":0,"curveFrom":"{0, 1}","curveMode":1,"curveTo":"{0, 1}","hasCurveFrom":false,"hasCurveTo":false,"point":"{0, 1}"},{"_class":"curvePoint","cornerRadius":0,"curveFrom":"{1, 0.5000000021960449}","curveMode":1,"curveTo":"{1, 0.5000000021960449}","hasCurveFrom":false,"hasCurveTo":false,"point":"{1, 0.5000000021960449}"}]},{"_class":"shapePath","do_objectID":"16630BBB-E2C2-4A5D-9314-66C427DD85D1","booleanOperation":0,"exportOptions":{"_class":"exportOptions","do_objectID":"4FCAADF5-6440-4044-A139-7A9543D280DA","exportFormats":[],"includedLayerIds":[],"layerOptions":0,"shouldTrim":false},"frame":{"_class":"rect","do_objectID":"F6AE4A97-8BA0-4DE6-B2B4-6703D5AE419F","constrainProportions":false,"height":16,"width":14,"x":0,"y":0},"isFixedToViewport":false,"isFlippedHorizontal":false,"isFlippedVertical":false,"isLocked":false,"isVisible":true,"layerListExpandedType":0,"name":"Path","nameIsFixed":false,"resizingConstraint":63,"resizingType":0,"rotation":0,"shouldBreakMaskChain":false,"clippingMaskMode":0,"hasClippingMask":false,"style":{"_class":"style","do_objectID":"CCDF2748-425D-4D98-96D7-6A3297C0C30B","endMarkerType":0,"miterLimit":10,"startMarkerType":0,"windingRule":1},"edited":true,"isClosed":true,"pointRadiusBehaviour":1,"points":[{"_class":"curvePoint","cornerRadius":0,"curveFrom":"{0, 0}","curveMode":1,"curveTo":"{0, 0}","hasCurveFrom":false,"hasCurveTo":false,"point":"{0, 0}"},{"_class":"curvePoint","cornerRadius":0,"curveFrom":"{1, 0.5}","curveMode":1,"curveTo":"{1, 0.5}","hasCurveFrom":false,"hasCurveTo":false,"point":"{1, 0.5}"},{"_class":"curvePoint","cornerRadius":0,"curveFrom":"{0, 1}","curveMode":1,"curveTo":"{0, 1}","hasCurveFrom":false,"hasCurveTo":false,"point":"{0, 1}"}]}],"windingRule":0},{"_class":"text","do_objectID":"DE4DC976-5A0E-4759-8DFB-3D8151C4949A","booleanOperation":-1,"exportOptions":{"_class":"exportOptions","do_objectID":"2C10A190-73E5-4F69-A769-D89ABB763594","exportFormats":[],"includedLayerIds":[],"layerOptions":0,"shouldTrim":false},"frame":{"_class":"rect","do_objectID":"DAACF35F-2591-4525-A986-96BA5C5F52BA","constrainProportions":false,"height":50,"width":99,"x":354,"y":226},"isFixedToViewport":false,"isFlippedHorizontal":false,"isFlippedVertical":false,"isLocked":false,"isVisible":true,"layerListExpandedType":0,"name":"Mood","nameIsFixed":false,"resizingConstraint":47,"resizingType":0,"rotation":0,"shouldBreakMaskChain":false,"userInfo":{"com.animaapp.stc-sketch-plugin":{"kModelPropertiesKey":{"isAutoWidth":1}}},"clippingMaskMode":0,"hasClippingMask":false,"style":{"_class":"style","do_objectID":"F737DE02-30D5-4640-A53F-8F88E7EAC5EA","endMarkerType":0,"miterLimit":10,"startMarkerType":0,"textStyle":{"_class":"textStyle","do_objectID":"A43DFC44-072C-4F98-B530-0DBE667642FF","encodedAttributes":{"MSAttributedStringFontAttribute":{"_class":"fontDescriptor","attributes":{"name":"PingFangSC-Medium","size":36}},"MSAttributedStringColorAttribute":{"_class":"color","alpha":1,"blue":1,"green":1,"red":1},"textStyleVerticalAlignmentKey":0,"paragraphStyle":{"_class":"paragraphStyle","alignment":0},"kerning":0.5142858},"verticalAlignment":0},"windingRule":1},"attributedString":{"_class":"attributedString","string":"Mood","attributes":[{"_class":"stringAttribute","location":0,"length":4,"attributes":{"MSAttributedStringFontAttribute":{"_class":"fontDescriptor","attributes":{"name":"PingFangSC-Medium","size":36}},"MSAttributedStringColorAttribute":{"_class":"color","alpha":1,"blue":1,"green":1,"red":1},"textStyleVerticalAlignmentKey":0,"paragraphStyle":{"_class":"paragraphStyle","alignment":0},"kerning":0.5142858}}]},"automaticallyDrawOnUnderlyingPath":false,"dontSynchroniseWithSymbol":false,"glyphBounds":"{{2, 11}, {95, 28}}","lineSpacingBehaviour":2,"textBehaviour":0},{"_class":"text","do_objectID":"0F110AD6-0CEC-4EE1-A031-B2E09E869BAC","booleanOperation":-1,"exportOptions":{"_class":"exportOptions","do_objectID":"C63E3170-0713-48B4-A2D2-D60891F7D9F6","exportFormats":[],"includedLayerIds":[],"layerOptions":0,"shouldTrim":false},"frame":{"_class":"rect","do_objectID":"48EC61A6-19A5-4516-ADE9-B8967A6DB691","constrainProportions":false,"height":27,"width":43,"x":256.5,"y":393},"isFixedToViewport":false,"isFlippedHorizontal":false,"isFlippedVertical":false,"isLocked":false,"isVisible":true,"layerListExpandedType":0,"name":"Live","nameIsFixed":false,"resizingConstraint":47,"resizingType":0,"rotation":0,"shouldBreakMaskChain":false,"userInfo":{"com.animaapp.stc-sketch-plugin":{"kModelPropertiesKey":{"isAutoWidth":1}}},"clippingMaskMode":0,"hasClippingMask":false,"style":{"_class":"style","do_objectID":"AC568C7D-1A9A-41BB-88E0-7E074871E977","endMarkerType":0,"miterLimit":10,"startMarkerType":0,"textStyle":{"_class":"textStyle","do_objectID":"767342A2-65A3-4CBC-B930-78B57442DDEA","encodedAttributes":{"MSAttributedStringFontAttribute":{"_class":"fontDescriptor","attributes":{"name":"ProductSans-Bold","size":22}},"MSAttributedStringColorAttribute":{"_class":"color","alpha":1,"blue":1,"green":1,"red":1},"textStyleVerticalAlignmentKey":0,"paragraphStyle":{"_class":"paragraphStyle","alignment":0},"kerning":0.3142857},"verticalAlignment":0},"windingRule":1},"attributedString":{"_class":"attributedString","string":"Live","attributes":[{"_class":"stringAttribute","location":0,"length":4,"attributes":{"MSAttributedStringFontAttribute":{"_class":"fontDescriptor","attributes":{"name":"ProductSans-Bold","size":22}},"MSAttributedStringColorAttribute":{"_class":"color","alpha":1,"blue":1,"green":1,"red":1},"textStyleVerticalAlignmentKey":0,"paragraphStyle":{"_class":"paragraphStyle","alignment":0},"kerning":0.3142857}}]},"automaticallyDrawOnUnderlyingPath":false,"dontSynchroniseWithSymbol":false,"glyphBounds":"{{1, 4}, {41, 18}}","lineSpacingBehaviour":2,"textBehaviour":0},{"_class":"rectangle","do_objectID":"D89DC168-6F2F-4603-B68E-F4B8A8230AC7","booleanOperation":-1,"exportOptions":{"_class":"exportOptions","do_objectID":"2EB2DA16-7881-4A0B-921F-27B4B9D51B13","exportFormats":[],"includedLayerIds":[],"layerOptions":0,"shouldTrim":false},"frame":{"_class":"rect","do_objectID":"BE654163-D265-4716-AF1F-A450C56A8C7F","constrainProportions":false,"height":62,"width":62,"x":236.5,"y":454},"isFixedToViewport":false,"isFlippedHorizontal":false,"isFlippedVertical":false,"isLocked":false,"isVisible":true,"layerListExpandedType":0,"name":"Rectangle","nameIsFixed":false,"resizingConstraint":63,"resizingType":0,"rotation":0,"shouldBreakMaskChain":false,"userInfo":{"unsplash":{"unsplash.photo.id":"\"txZsxZJNxnw\""},"datasupplier.key":"unsplash_dataprovider_SearchPhoto"},"clippingMaskMode":0,"hasClippingMask":false,"style":{"_class":"style","do_objectID":"EF50A4D7-ED82-45D0-9077-520B52E3BBED","borders":[{"_class":"border","isEnabled":true,"color":{"_class":"color","alpha":1,"blue":1,"green":1,"red":1},"fillType":0,"position":1,"thickness":1}],"endMarkerType":0,"miterLimit":10,"shadows":[{"_class":"shadow","isEnabled":true,"blurRadius":47,"color":{"_class":"color","alpha":0.1960500437062937,"blue":0,"green":0,"red":0},"contextSettings":{"_class":"graphicsContextSettings","blendMode":0,"opacity":1},"offsetX":0,"offsetY":13,"spread":0}],"startMarkerType":0,"windingRule":1},"edited":false,"isClosed":true,"pointRadiusBehaviour":1,"points":[{"_class":"curvePoint","cornerRadius":11,"curveFrom":"{0, 0}","curveMode":1,"curveTo":"{0, 0}","hasCurveFrom":false,"hasCurveTo":false,"point":"{0, 0}"},{"_class":"curvePoint","cornerRadius":11,"curveFrom":"{1, 0}","curveMode":1,"curveTo":"{1, 0}","hasCurveFrom":false,"hasCurveTo":false,"point":"{1, 0}"},{"_class":"curvePoint","cornerRadius":11,"curveFrom":"{1, 1}","curveMode":1,"curveTo":"{1, 1}","hasCurveFrom":false,"hasCurveTo":false,"point":"{1, 1}"},{"_class":"curvePoint","cornerRadius":11,"curveFrom":"{0, 1}","curveMode":1,"curveTo":"{0, 1}","hasCurveFrom":false,"hasCurveTo":false,"point":"{0, 1}"}],"fixedRadius":11,"hasConvertedToNewRoundCorners":true},{"_class":"rectangle","do_objectID":"10B4606A-927F-4E3E-8FD6-B5362AEE0D2E","booleanOperation":-1,"exportOptions":{"_class":"exportOptions","do_objectID":"58491CF1-6225-44F3-844F-796F1171326D","exportFormats":[],"includedLayerIds":[],"layerOptions":0,"shouldTrim":false},"frame":{"_class":"rect","do_objectID":"9E873956-183A-49B1-A649-17F54AB480D1","constrainProportions":false,"height":62,"width":62,"x":236.5,"y":546},"isFixedToViewport":false,"isFlippedHorizontal":false,"isFlippedVertical":false,"isLocked":false,"isVisible":true,"layerListExpandedType":0,"name":"Rectangle","nameIsFixed":false,"resizingConstraint":63,"resizingType":0,"rotation":0,"shouldBreakMaskChain":false,"userInfo":{"unsplash":{"unsplash.photo.id":"\"sVrEI2myiv4\""},"datasupplier.key":"unsplash_dataprovider_SearchPhoto"},"clippingMaskMode":0,"hasClippingMask":false,"style":{"_class":"style","do_objectID":"14F9E3EC-C5A7-4E4E-9E28-0F7AA7E2FD1D","borders":[{"_class":"border","isEnabled":true,"color":{"_class":"color","alpha":1,"blue":1,"green":1,"red":1},"fillType":0,"position":1,"thickness":1}],"endMarkerType":0,"miterLimit":10,"shadows":[{"_class":"shadow","isEnabled":true,"blurRadius":47,"color":{"_class":"color","alpha":0.1960500437062937,"blue":0,"green":0,"red":0},"contextSettings":{"_class":"graphicsContextSettings","blendMode":0,"opacity":1},"offsetX":0,"offsetY":13,"spread":0}],"startMarkerType":0,"windingRule":1},"edited":false,"isClosed":true,"pointRadiusBehaviour":1,"points":[{"_class":"curvePoint","cornerRadius":11,"curveFrom":"{0, 0}","curveMode":1,"curveTo":"{0, 0}","hasCurveFrom":false,"hasCurveTo":false,"point":"{0, 0}"},{"_class":"curvePoint","cornerRadius":11,"curveFrom":"{1, 0}","curveMode":1,"curveTo":"{1, 0}","hasCurveFrom":false,"hasCurveTo":false,"point":"{1, 0}"},{"_class":"curvePoint","cornerRadius":11,"curveFrom":"{1, 1}","curveMode":1,"curveTo":"{1, 1}","hasCurveFrom":false,"hasCurveTo":false,"point":"{1, 1}"},{"_class":"curvePoint","cornerRadius":11,"curveFrom":"{0, 1}","curveMode":1,"curveTo":"{0, 1}","hasCurveFrom":false,"hasCurveTo":false,"point":"{0, 1}"}],"fixedRadius":11,"hasConvertedToNewRoundCorners":true},{"_class":"oval","do_objectID":"2510C9F8-605B-4A8E-91AE-7EE282BCFE9A","booleanOperation":-1,"exportOptions":{"_class":"exportOptions","do_objectID":"86630962-2AB8-4395-9B06-723E8D61ADA6","exportFormats":[],"includedLayerIds":[],"layerOptions":0,"shouldTrim":false},"frame":{"_class":"rect","do_objectID":"A8B73D4B-9570-416D-A039-11014C7A2AB8","constrainProportions":true,"height":9,"width":9,"x":237.5,"y":403},"isFixedToViewport":false,"isFlippedHorizontal":false,"isFlippedVertical":false,"isLocked":false,"isVisible":true,"layerListExpandedType":0,"name":"Oval","nameIsFixed":false,"resizingConstraint":63,"resizingType":0,"rotation":0,"shouldBreakMaskChain":false,"userInfo":{"com.animaapp.stc-sketch-plugin":{"kModelPropertiesKey":{"constraints":{"scaleFactor":1,"model_version":0,"aspectRatio":{"model_class":"ADModelConstraint","model_version":0,"enabled":1,"constant":29,"multiplier":29,"modelID":"constraint_921ecad9-b5a7-4bd1-a188-00bff1697525"},"modelID":"viewConstraints_55bd68a7-4a29-4711-83cd-e3f3306b1219","model_class":"ADModelViewConstraints","automatic":1}}}},"clippingMaskMode":0,"hasClippingMask":false,"style":{"_class":"style","do_objectID":"9BB1311E-D032-4726-AA0E-35FB0CE615B0","borders":[{"_class":"border","isEnabled":false,"color":{"_class":"color","alpha":1,"blue":0.592,"green":0.592,"red":0.592},"fillType":0,"position":0,"thickness":1}],"endMarkerType":0,"fills":[{"_class":"fill","isEnabled":true,"color":{"_class":"color","alpha":1,"blue":1,"green":0.898039215686274,"red":0},"fillType":0,"noiseIndex":0,"noiseIntensity":0,"patternFillType":1,"patternTileScale":1}],"miterLimit":10,"startMarkerType":0,"windingRule":1},"edited":false,"isClosed":true,"pointRadiusBehaviour":1,"points":[{"_class":"curvePoint","cornerRadius":0,"curveFrom":"{0.77614237490000004, 1}","curveMode":2,"curveTo":"{0.22385762510000001, 1}","hasCurveFrom":true,"hasCurveTo":true,"point":"{0.5, 1}"},{"_class":"curvePoint","cornerRadius":0,"curveFrom":"{1, 0.22385762510000001}","curveMode":2,"curveTo":"{1, 0.77614237490000004}","hasCurveFrom":true,"hasCurveTo":true,"point":"{1, 0.5}"},{"_class":"curvePoint","cornerRadius":0,"curveFrom":"{0.22385762510000001, 0}","curveMode":2,"curveTo":"{0.77614237490000004, 0}","hasCurveFrom":true,"hasCurveTo":true,"point":"{0.5, 0}"},{"_class":"curvePoint","cornerRadius":0,"curveFrom":"{0, 0.77614237490000004}","curveMode":2,"curveTo":"{0, 0.22385762510000001}","hasCurveFrom":true,"hasCurveTo":true,"point":"{0, 0.5}"}]},{"_class":"text","do_objectID":"B2B4F186-A842-4409-B0DD-89BC69DFCD07","booleanOperation":-1,"exportOptions":{"_class":"exportOptions","do_objectID":"CB6D4045-7962-4423-BBCB-10116201B5D9","exportFormats":[],"includedLayerIds":[],"layerOptions":0,"shouldTrim":false},"frame":{"_class":"rect","do_objectID":"E836C2EE-69F9-43D3-B73D-FEAE2A849854","constrainProportions":false,"height":22,"width":76,"x":318.5,"y":463},"isFixedToViewport":false,"isFlippedHorizontal":false,"isFlippedVertical":false,"isLocked":false,"isVisible":true,"layerListExpandedType":0,"name":"Message","nameIsFixed":false,"resizingConstraint":47,"resizingType":0,"rotation":0,"shouldBreakMaskChain":false,"userInfo":{"com.animaapp.stc-sketch-plugin":{"kModelPropertiesKey":{"isAutoWidth":1}}},"clippingMaskMode":0,"hasClippingMask":false,"style":{"_class":"style","do_objectID":"8D7D00E9-84B6-4B0C-961C-4AB6B88519DD","endMarkerType":0,"miterLimit":10,"startMarkerType":0,"textStyle":{"_class":"textStyle","do_objectID":"09E52672-39B5-4E89-AF72-CB770A73E223","encodedAttributes":{"MSAttributedStringFontAttribute":{"_class":"fontDescriptor","attributes":{"name":"ProductSans-Bold","size":18}},"MSAttributedStringColorAttribute":{"_class":"color","alpha":1,"blue":1,"green":1,"red":1},"textStyleVerticalAlignmentKey":0,"paragraphStyle":{"_class":"paragraphStyle","alignment":0},"kerning":0.2571429},"verticalAlignment":0},"windingRule":1},"attributedString":{"_class":"attributedString","string":"Message","attributes":[{"_class":"stringAttribute","location":0,"length":7,"attributes":{"MSAttributedStringFontAttribute":{"_class":"fontDescriptor","attributes":{"name":"ProductSans-Bold","size":18}},"MSAttributedStringColorAttribute":{"_class":"color","alpha":1,"blue":1,"green":1,"red":1},"textStyleVerticalAlignmentKey":0,"paragraphStyle":{"_class":"paragraphStyle","alignment":0},"kerning":0.2571429}}]},"automaticallyDrawOnUnderlyingPath":false,"dontSynchroniseWithSymbol":false,"glyphBounds":"{{1, 4}, {74, 18}}","lineSpacingBehaviour":2,"textBehaviour":0},{"_class":"text","do_objectID":"16F3763E-BC0E-4BDB-BC82-BBB15A6A8EBA","booleanOperation":-1,"exportOptions":{"_class":"exportOptions","do_objectID":"E331AD3B-7A26-47EA-818D-453CE1AF20BD","exportFormats":[],"includedLayerIds":[],"layerOptions":0,"shouldTrim":false},"frame":{"_class":"rect","do_objectID":"B81AE083-1934-4469-9D92-B80068D9AD06","constrainProportions":false,"height":22,"width":79,"x":318.5,"y":555},"isFixedToViewport":false,"isFlippedHorizontal":false,"isFlippedVertical":false,"isLocked":false,"isVisible":true,"layerListExpandedType":0,"name":"After you","nameIsFixed":false,"resizingConstraint":47,"resizingType":0,"rotation":0,"shouldBreakMaskChain":false,"userInfo":{"com.animaapp.stc-sketch-plugin":{"kModelPropertiesKey":{"isAutoWidth":1}}},"clippingMaskMode":0,"hasClippingMask":false,"style":{"_class":"style","do_objectID":"419C3AD2-0E78-4DB5-A578-967202ACC246","endMarkerType":0,"miterLimit":10,"startMarkerType":0,"textStyle":{"_class":"textStyle","do_objectID":"8BD8A560-1D76-4948-9834-2186E5365143","encodedAttributes":{"MSAttributedStringFontAttribute":{"_class":"fontDescriptor","attributes":{"name":"ProductSans-Bold","size":18}},"MSAttributedStringColorAttribute":{"_class":"color","alpha":1,"blue":1,"green":1,"red":1},"textStyleVerticalAlignmentKey":0,"paragraphStyle":{"_class":"paragraphStyle","alignment":0},"kerning":0.2571429},"verticalAlignment":0},"windingRule":1},"attributedString":{"_class":"attributedString","string":"After you","attributes":[{"_class":"stringAttribute","location":0,"length":9,"attributes":{"MSAttributedStringFontAttribute":{"_class":"fontDescriptor","attributes":{"name":"ProductSans-Bold","size":18}},"MSAttributedStringColorAttribute":{"_class":"color","alpha":1,"blue":1,"green":1,"red":1},"textStyleVerticalAlignmentKey":0,"paragraphStyle":{"_class":"paragraphStyle","alignment":0},"kerning":0.2571429}}]},"automaticallyDrawOnUnderlyingPath":false,"dontSynchroniseWithSymbol":false,"glyphBounds":"{{0, 3}, {78, 18}}","lineSpacingBehaviour":2,"textBehaviour":0},{"_class":"text","do_objectID":"0CC61B38-8061-40EE-A1D1-86AC641AD56C","booleanOperation":-1,"exportOptions":{"_class":"exportOptions","do_objectID":"79286770-409C-4285-A3D4-72727E3B92FA","exportFormats":[],"includedLayerIds":[],"layerOptions":0,"shouldTrim":false},"frame":{"_class":"rect","do_objectID":"43A871C2-E2FC-4EE0-A504-271BCE32BBC7","constrainProportions":false,"height":22,"width":135,"x":318.5,"y":486},"isFixedToViewport":false,"isFlippedHorizontal":false,"isFlippedVertical":false,"isLocked":false,"isVisible":true,"layerListExpandedType":0,"name":"Cameron Rogers","nameIsFixed":false,"resizingConstraint":47,"resizingType":0,"rotation":0,"shouldBreakMaskChain":false,"userInfo":{"com.animaapp.stc-sketch-plugin":{"kModelPropertiesKey":{"isAutoWidth":1}},"datasupplier.key":"Names.txt"},"clippingMaskMode":0,"hasClippingMask":false,"style":{"_class":"style","do_objectID":"B47C2545-313B-4E02-8BFD-FA7ABBEA78C1","contextSettings":{"_class":"graphicsContextSettings","do_objectID":"40ED9796-A013-4398-AD11-65626180B83C","blendMode":0,"opacity":0.4441964285714285},"endMarkerType":0,"miterLimit":10,"startMarkerType":0,"textStyle":{"_class":"textStyle","do_objectID":"37AE821A-79CD-40D6-BD82-CE8B6CED0728","encodedAttributes":{"MSAttributedStringFontAttribute":{"_class":"fontDescriptor","attributes":{"name":"ProductSans-Regular","size":18}},"MSAttributedStringColorAttribute":{"_class":"color","alpha":1,"blue":1,"green":1,"red":1},"textStyleVerticalAlignmentKey":0,"paragraphStyle":{"_class":"paragraphStyle","alignment":0},"kerning":0.2571429},"verticalAlignment":0},"windingRule":1},"attributedString":{"_class":"attributedString","string":"Cameron Rogers","attributes":[{"_class":"stringAttribute","location":0,"length":14,"attributes":{"MSAttributedStringFontAttribute":{"_class":"fontDescriptor","attributes":{"name":"ProductSans-Regular","size":18}},"MSAttributedStringColorAttribute":{"_class":"color","alpha":1,"blue":1,"green":1,"red":1},"textStyleVerticalAlignmentKey":0,"paragraphStyle":{"_class":"paragraphStyle","alignment":0},"kerning":0.2571429}}]},"automaticallyDrawOnUnderlyingPath":false,"dontSynchroniseWithSymbol":false,"glyphBounds":"{{0, 3}, {135, 19}}","lineSpacingBehaviour":2,"textBehaviour":0},{"_class":"text","do_objectID":"30504C7F-9593-4417-AE46-41F3CA154FEB","booleanOperation":-1,"exportOptions":{"_class":"exportOptions","do_objectID":"8311A591-867A-4AAA-97DE-0D62A5A3FFCA","exportFormats":[],"includedLayerIds":[],"layerOptions":0,"shouldTrim":false},"frame":{"_class":"rect","do_objectID":"80525626-D71C-46B0-B826-B7D0FC15F92A","constrainProportions":false,"height":22,"width":35,"x":518.5,"y":486},"isFixedToViewport":false,"isFlippedHorizontal":false,"isFlippedVertical":false,"isLocked":false,"isVisible":true,"layerListExpandedType":0,"name":"5:32","nameIsFixed":false,"resizingConstraint":47,"resizingType":0,"rotation":0,"shouldBreakMaskChain":false,"userInfo":{"com.animaapp.stc-sketch-plugin":{"kModelPropertiesKey":{"isAutoWidth":1}},"datasupplier.key":"Names.txt"},"clippingMaskMode":0,"hasClippingMask":false,"style":{"_class":"style","do_objectID":"449B1E9E-7C1C-4823-A732-268DF3CB5F27","contextSettings":{"_class":"graphicsContextSettings","do_objectID":"1A126C6F-86CC-4523-9F6F-60D6CC7E6E63","blendMode":0,"opacity":0.5636393229166666},"endMarkerType":0,"miterLimit":10,"startMarkerType":0,"textStyle":{"_class":"textStyle","do_objectID":"8DC3A7D6-DE6A-4A54-A1ED-119FFB600B83","encodedAttributes":{"MSAttributedStringFontAttribute":{"_class":"fontDescriptor","attributes":{"name":"ProductSans-Regular","size":18}},"MSAttributedStringColorAttribute":{"_class":"color","alpha":1,"blue":1,"green":1,"red":1},"textStyleVerticalAlignmentKey":0,"paragraphStyle":{"_class":"paragraphStyle","alignment":0},"kerning":0.2571429},"verticalAlignment":0},"windingRule":1},"attributedString":{"_class":"attributedString","string":"5:32","attributes":[{"_class":"stringAttribute","location":0,"length":4,"attributes":{"MSAttributedStringFontAttribute":{"_class":"fontDescriptor","attributes":{"name":"ProductSans-Regular","size":18}},"MSAttributedStringColorAttribute":{"_class":"color","alpha":1,"blue":1,"green":1,"red":1},"textStyleVerticalAlignmentKey":0,"paragraphStyle":{"_class":"paragraphStyle","alignment":0},"kerning":0.2571429}}]},"automaticallyDrawOnUnderlyingPath":false,"dontSynchroniseWithSymbol":false,"glyphBounds":"{{0, 4}, {34, 14}}","lineSpacingBehaviour":2,"textBehaviour":0},{"_class":"text","do_objectID":"EEF08347-7CA4-4261-AA54-2C5010BD6F47","booleanOperation":-1,"exportOptions":{"_class":"exportOptions","do_objectID":"44BC5D82-E20B-43C4-80CC-ECCB6E338187","exportFormats":[],"includedLayerIds":[],"layerOptions":0,"shouldTrim":false},"frame":{"_class":"rect","do_objectID":"4ABD6286-AB23-438F-AB26-74689ED0D0BD","constrainProportions":false,"height":22,"width":33,"x":518.5,"y":577},"isFixedToViewport":false,"isFlippedHorizontal":false,"isFlippedVertical":false,"isLocked":false,"isVisible":true,"layerListExpandedType":0,"name":"4:12","nameIsFixed":false,"resizingConstraint":47,"resizingType":0,"rotation":0,"shouldBreakMaskChain":false,"userInfo":{"com.animaapp.stc-sketch-plugin":{"kModelPropertiesKey":{"isAutoWidth":1}},"datasupplier.key":"Names.txt"},"clippingMaskMode":0,"hasClippingMask":false,"style":{"_class":"style","do_objectID":"129F1F1C-848C-4201-BD21-40759CF04E23","contextSettings":{"_class":"graphicsContextSettings","do_objectID":"0BB37F6E-E804-47F4-A1DE-CF5B4F39A24A","blendMode":0,"opacity":0.5636393229166666},"endMarkerType":0,"miterLimit":10,"startMarkerType":0,"textStyle":{"_class":"textStyle","do_objectID":"56C279D8-6BC6-4034-A08B-24F802EEE4EC","encodedAttributes":{"MSAttributedStringFontAttribute":{"_class":"fontDescriptor","attributes":{"name":"ProductSans-Regular","size":18}},"MSAttributedStringColorAttribute":{"_class":"color","alpha":1,"blue":1,"green":1,"red":1},"textStyleVerticalAlignmentKey":0,"paragraphStyle":{"_class":"paragraphStyle","alignment":0},"kerning":0.2571429},"verticalAlignment":0},"windingRule":1},"attributedString":{"_class":"attributedString","string":"4:12","attributes":[{"_class":"stringAttribute","location":0,"length":4,"attributes":{"MSAttributedStringFontAttribute":{"_class":"fontDescriptor","attributes":{"name":"ProductSans-Regular","size":18}},"MSAttributedStringColorAttribute":{"_class":"color","alpha":1,"blue":1,"green":1,"red":1},"textStyleVerticalAlignmentKey":0,"paragraphStyle":{"_class":"paragraphStyle","alignment":0},"kerning":0.2571429}}]},"automaticallyDrawOnUnderlyingPath":false,"dontSynchroniseWithSymbol":false,"glyphBounds":"{{0, 4}, {32, 14}}","lineSpacingBehaviour":2,"textBehaviour":0},{"_class":"text","do_objectID":"76D5D66E-9009-43F4-8AC8-147B73CAC659","booleanOperation":-1,"exportOptions":{"_class":"exportOptions","do_objectID":"5027BEF2-F768-41F7-A4AD-12F3C17E77C7","exportFormats":[],"includedLayerIds":[],"layerOptions":0,"shouldTrim":false},"frame":{"_class":"rect","do_objectID":"A0689487-3E8B-44FA-A689-EC09B43B5157","constrainProportions":false,"height":22,"width":133,"x":318.5,"y":578},"isFixedToViewport":false,"isFlippedHorizontal":false,"isFlippedVertical":false,"isLocked":false,"isVisible":true,"layerListExpandedType":0,"name":"Rafeeda El Nouri","nameIsFixed":false,"resizingConstraint":47,"resizingType":0,"rotation":0,"shouldBreakMaskChain":false,"userInfo":{"com.animaapp.stc-sketch-plugin":{"kModelPropertiesKey":{"isAutoWidth":1}},"datasupplier.key":"Names.txt"},"clippingMaskMode":0,"hasClippingMask":false,"style":{"_class":"style","do_objectID":"DE522ECD-C9C6-4DB0-9767-605DB363572A","contextSettings":{"_class":"graphicsContextSettings","do_objectID":"E43A4DF2-576F-44B7-B73F-9453E84D6854","blendMode":0,"opacity":0.4441964285714285},"endMarkerType":0,"miterLimit":10,"startMarkerType":0,"textStyle":{"_class":"textStyle","do_objectID":"D8009155-2B20-4B57-B6C5-9E3988731B6D","encodedAttributes":{"MSAttributedStringFontAttribute":{"_class":"fontDescriptor","attributes":{"name":"ProductSans-Regular","size":18}},"MSAttributedStringColorAttribute":{"_class":"color","alpha":1,"blue":1,"green":1,"red":1},"textStyleVerticalAlignmentKey":0,"paragraphStyle":{"_class":"paragraphStyle","alignment":0},"kerning":0.2571429},"verticalAlignment":0},"windingRule":1},"attributedString":{"_class":"attributedString","string":"Rafeeda El Nouri","attributes":[{"_class":"stringAttribute","location":0,"length":16,"attributes":{"MSAttributedStringFontAttribute":{"_class":"fontDescriptor","attributes":{"name":"ProductSans-Regular","size":18}},"MSAttributedStringColorAttribute":{"_class":"color","alpha":1,"blue":1,"green":1,"red":1},"textStyleVerticalAlignmentKey":0,"paragraphStyle":{"_class":"paragraphStyle","alignment":0},"kerning":0.2571429}}]},"automaticallyDrawOnUnderlyingPath":false,"dontSynchroniseWithSymbol":false,"glyphBounds":"{{1, 3}, {131, 15}}","lineSpacingBehaviour":2,"textBehaviour":0}],"backgroundColor":{"_class":"color","do_objectID":"F4A56ED3-E234-46F3-A979-90AD7D8FFD81","alpha":1,"blue":1,"green":1,"red":1},"hasBackgroundColor":false,"horizontalRulerData":{"_class":"rulerData","do_objectID":"5ABD941C-68BF-4340-855A-F2A17DF5A259","base":0,"guides":[]},"includeBackgroundColorInExport":true,"includeInCloudUpload":true,"isFlowHome":false,"resizesContent":false,"verticalRulerData":{"_class":"rulerData","do_objectID":"6493123C-A4B3-4CC7-8A40-8CA96FAF006E","base":0,"guides":[]}}],"horizontalRulerData":{"_class":"rulerData","base":0,"guides":[]},"includeInCloudUpload":true,"verticalRulerData":{"_class":"rulerData","base":0,"guides":[]}}